5,coba lagi aja,2024-08-13T03:09:08+07:00,false
6,coba lagi aja,2024-08-13T03:14:19+07:00,true
7,coba lagi aja,2024-08-13T03:14:56+07:00,true
8,coba lagi aja haha,2024-08-13T03:15:12+07:00,true
9,test lagiii,2024-08-13T03:26:18+07:00,true
11,main lagi,2024-08-13T04:11:42+07:00,true
12,main lagi,2024-08-13T04:11:44+07:00,false
13,main lagi,2024-08-13T04:12:16+07:00,true
14,main lagi,2024-08-13T04:13:18+07:00,false
15,main lagi,2024-08-13T04:13:20+07:00,true
16,main lagi,2024-08-13T04:13:29+07:00,true
19,main lagi,2024-08-13T04:15:30+07:00,true


